نوع البطوله,الفريق الاول ,الفريق الثاني ,النتيجه,زمن المبارة
"الدوري السعودي
                                    


أخبار
مالتيميديا
ترتيب الفرق
 نتائج المباريات

المزيد

أخبار
مالتيميديا
ترتيب الفرق
 نتائج المباريات",الهلال,القادسية,2 - 0,21:00
"الدوري السعودي
                                    


أخبار
مالتيميديا
ترتيب الفرق
 نتائج المباريات

المزيد

أخبار
مالتيميديا
ترتيب الفرق
 نتائج المباريات",الرائد,الخلود,1 - 2,21:00
"الدوري السعودي
                                    


أخبار
مالتيميديا
ترتيب الفرق
 نتائج المباريات

المزيد

أخبار
مالتيميديا
ترتيب الفرق
 نتائج المباريات",الفيحاء,الشباب,0 - 2,21:00
"الدوري السعودي
                                    


أخبار
مالتيميديا
ترتيب الفرق
 نتائج المباريات

المزيد

أخبار
مالتيميديا
ترتيب الفرق
 نتائج المباريات",الرياض,أهلي جدة,0 - 1,21:00
"الدوري السعودي
                                    


أخبار
مالتيميديا
ترتيب الفرق
 نتائج المباريات

المزيد

أخبار
مالتيميديا
ترتيب الفرق
 نتائج المباريات",الاتحاد,ضمك,1 - 0,21:00
"الدوري السعودي
                                    


أخبار
مالتيميديا
ترتيب الفرق
 نتائج المباريات

المزيد

أخبار
مالتيميديا
ترتيب الفرق
 نتائج المباريات",الاتفـــــاق,الوحدة,2 - 1,21:00
"الدوري السعودي
                                    


أخبار
مالتيميديا
ترتيب الفرق
 نتائج المباريات

المزيد

أخبار
مالتيميديا
ترتيب الفرق
 نتائج المباريات",الفتح,النصر,3 - 2,21:00
"الدوري السعودي
                                    


أخبار
مالتيميديا
ترتيب الفرق
 نتائج المباريات

المزيد

أخبار
مالتيميديا
ترتيب الفرق
 نتائج المباريات",العروبة,التعاون,3 - 2,21:00
"الدوري السعودي
                                    


أخبار
مالتيميديا
ترتيب الفرق
 نتائج المباريات

المزيد

أخبار
مالتيميديا
ترتيب الفرق
 نتائج المباريات",الخليج,الأخدود,2 - 3,21:00
"الدوري التركي
                                    


أخبار
مالتيميديا
ترتيب الفرق
 نتائج المباريات

المزيد

أخبار
مالتيميديا
ترتيب الفرق
 نتائج المباريات",هاتاي سبور,فنربخشة,4 - 2,20:00
